<?xml version="1.0" encoding="UTF-8"?>
<spirit:component xmlns:spirit="http://www.spiritconsortium.org/XMLSchema/SPIRIT/1.4" xmlns:xsi="http://www.w3.org/2001/XMLSchema-instance">
	<spirit:vendor>Saanlima</spirit:vendor>
	<spirit:library>bsb_lib.components</spirit:library>
	<spirit:name>bsb_component</spirit:name>
	<spirit:version>2.0</spirit:version>
	<spirit:busInterfaces>
		<spirit:busInterface spirit:service="requestor">
			<spirit:name>clock_0</spirit:name>
			<spirit:busType spirit:vendor="xilinx.com" spirit:library="bsb_lib.busdefs" spirit:name="ref_clock" spirit:version="1.0"/>
			<spirit:master>
			</spirit:master>
			<spirit:parameters>
				<spirit:parameter>
					<spirit:name>frequency</spirit:name>
					<spirit:value spirit:format="long" spirit:resolve="immediate" spirit:id="refclk_frequency_0">50000000</spirit:value>
				</spirit:parameter>
			</spirit:parameters>
		</spirit:busInterface>
		<spirit:busInterface spirit:service="requestor">
			<spirit:name>reset_0</spirit:name>
			<spirit:busType spirit:vendor="xilinx.com" spirit:library="bsb_lib.busdefs" spirit:name="ref_reset" spirit:version="1.0"/>
			<spirit:master>
			</spirit:master>
			<spirit:parameters>
				<spirit:parameter>
					<spirit:name>RST_POLARITY</spirit:name>
					<spirit:value spirit:format="string" spirit:resolve="immediate" spirit:id="reset_polarity">1</spirit:value>
				</spirit:parameter>
			</spirit:parameters>
		</spirit:busInterface>
		<spirit:busInterface spirit:service="requestor">
			<spirit:name>USB_Uart</spirit:name>
			<spirit:busType spirit:vendor="xilinx.com" spirit:library="bsb_lib.busdefs" spirit:name="uart" spirit:version="1.0"/>
			<spirit:master>
			</spirit:master>
		</spirit:busInterface>
		<spirit:busInterface spirit:service="requestor">
			<spirit:name>LEDs_4Bits</spirit:name>
			<spirit:busType spirit:vendor="xilinx.com" spirit:library="bsb_lib.busdefs" spirit:name="gpio" spirit:version="1.0"/>
			<spirit:master>
			</spirit:master>
			<spirit:parameters>
				<spirit:parameter>
					<spirit:name>C_GPIO_WIDTH</spirit:name>
					<spirit:value spirit:format="string" spirit:resolve="immediate" spirit:id="LEDs_4Bits_GPIO_WIDTH_ID">4</spirit:value>
				</spirit:parameter>
				<spirit:parameter>
					<spirit:name>C_ALL_INPUTS</spirit:name>
					<spirit:value spirit:format="string" spirit:resolve="immediate" spirit:id="LEDs_4Bits_ALL_INPUTS_ID">0</spirit:value>
				</spirit:parameter>
				<spirit:parameter>
					<spirit:name>C_IS_DUAL</spirit:name>
					<spirit:value spirit:format="string" spirit:resolve="immediate" spirit:id="LEDs_4Bits_IS_DUAL_ID">0</spirit:value>
				</spirit:parameter>
			</spirit:parameters>
		</spirit:busInterface>
		<spirit:busInterface spirit:service="requestor">
			<spirit:name>SPI_FLASH</spirit:name>
			<spirit:busType spirit:vendor="xilinx.com" spirit:library="bsb_lib.busdefs" spirit:name="spi" spirit:version="1.0"/>
			<spirit:master>
			</spirit:master>
			<spirit:parameters>
				<spirit:parameter>
					<spirit:name>C_FIFO_EXIST</spirit:name>
					<spirit:value spirit:format="string" spirit:resolve="immediate" spirit:id="SPI_FLASH_FIFO_EXIST_ID">1</spirit:value>
				</spirit:parameter>
				<spirit:parameter>
					<spirit:name>C_SCK_RATIO</spirit:name>
					<spirit:value spirit:format="string" spirit:resolve="immediate" spirit:id="SPI_FLASH_SCK_RATIO_ID">2</spirit:value>
				</spirit:parameter>
				<spirit:parameter>
					<spirit:name>C_NUM_SS_BITS</spirit:name>
					<spirit:value spirit:format="string" spirit:resolve="immediate" spirit:id="SPI_FLASH_NUM_SS_BITS_ID">1</spirit:value>
				</spirit:parameter>
				<spirit:parameter>
					<spirit:name>C_NUM_TRANSFER_BITS</spirit:name>
					<spirit:value spirit:format="string" spirit:resolve="immediate" spirit:id="SPI_FLASH_NUM_TRANSFER_BITS_ID">8</spirit:value>
				</spirit:parameter>
			</spirit:parameters>
		</spirit:busInterface>
		<spirit:busInterface spirit:service="requestor">
			<spirit:name>SPI_SD</spirit:name>
			<spirit:busType spirit:vendor="xilinx.com" spirit:library="bsb_lib.busdefs" spirit:name="spi" spirit:version="1.0"/>
			<spirit:master>
			</spirit:master>
			<spirit:parameters>
				<spirit:parameter>
					<spirit:name>C_FIFO_EXIST</spirit:name>
					<spirit:value spirit:format="string" spirit:resolve="immediate" spirit:id="SPI_SD_FIFO_EXIST_ID">1</spirit:value>
				</spirit:parameter>
				<spirit:parameter>
					<spirit:name>C_SCK_RATIO</spirit:name>
					<spirit:value spirit:format="string" spirit:resolve="immediate" spirit:id="SPI_SD_SCK_RATIO_ID">8</spirit:value>
				</spirit:parameter>
				<spirit:parameter>
					<spirit:name>C_NUM_SS_BITS</spirit:name>
					<spirit:value spirit:format="string" spirit:resolve="immediate" spirit:id="SPI_SD_NUM_SS_BITS_ID">1</spirit:value>
				</spirit:parameter>
				<spirit:parameter>
					<spirit:name>C_NUM_TRANSFER_BITS</spirit:name>
					<spirit:value spirit:format="string" spirit:resolve="immediate" spirit:id="SPI_SD_NUM_TRANSFER_BITS_ID">8</spirit:value>
				</spirit:parameter>
			</spirit:parameters>
		</spirit:busInterface>
		<spirit:busInterface spirit:service="requestor">
			<spirit:name>MCB3_LPDDR</spirit:name>
			<spirit:busType spirit:vendor="xilinx.com" spirit:library="bsb_lib.busdefs" spirit:name="s6_ddrx_memory" spirit:version="1.0"/>
			<spirit:master>
			</spirit:master>
			<spirit:parameters>
				<spirit:parameter>
					<spirit:name>C_MEM_PARTNO</spirit:name>
					<spirit:value spirit:format="string" spirit:resolve="immediate" spirit:id="MCB3_LPDDR_MEM_PARTNO_ID">MT46H32M16XXXX-5</spirit:value>
				</spirit:parameter>
				<spirit:parameter>
					<spirit:name>C_BYPASS_CORE_UCF</spirit:name>
					<spirit:value spirit:format="string" spirit:resolve="immediate" spirit:id="MCB3_LPDDR_BYPASS_CORE_UCF_ID">0</spirit:value>
				</spirit:parameter>
				<spirit:parameter>
					<spirit:name>C_MEM_TYPE</spirit:name>
					<spirit:value spirit:format="string" spirit:resolve="immediate" spirit:id="MCB3_LPDDR_MEM_TYPE_ID">MDDR</spirit:value>
				</spirit:parameter>
				<spirit:parameter>
					<spirit:name>C_MCB_RZQ_LOC</spirit:name>
					<spirit:value spirit:format="string" spirit:resolve="immediate" spirit:id="MCB3_LPDDR_MCB_RZQ_LOC_ID">N4</spirit:value>
				</spirit:parameter>
				<spirit:parameter>
					<spirit:name>C_MEM_BANKADDR_WIDTH</spirit:name>
					<spirit:value spirit:format="string" spirit:resolve="immediate" spirit:id="MCB3_LPDDR_MEM_BANKADDR_WIDTH">2</spirit:value>
				</spirit:parameter>
				<spirit:parameter>
					<spirit:name>C_SKIP_IN_TERM_CAL</spirit:name>
					<spirit:value spirit:format="string" spirit:resolve="immediate" spirit:id="MCB3_LPDDR_SKIP_IN_TERM_CAL">1</spirit:value>
				</spirit:parameter>
				<spirit:parameter>
					<spirit:name>C_MCB_PERFORMANCE</spirit:name>
					<spirit:value spirit:format="string" spirit:resolve="immediate" spirit:id="MCB3_LPDDR_MCB_PERFORMANCE_ID">STANDARD</spirit:value>
				</spirit:parameter>
				<spirit:parameter>
					<spirit:name>MEMORY_0_BASEADDR</spirit:name>
					<spirit:value spirit:format="string" spirit:resolve="immediate" spirit:id="MEMORY_0_BASEADDR_ID">0xd0000000</spirit:value>
				</spirit:parameter>
				<spirit:parameter>
					<spirit:name>MEMORY_0_HIGHADDR</spirit:name>
					<spirit:value spirit:format="string" spirit:resolve="immediate" spirit:id="MEMORY_0_HIGHADDR_ID">0xd3ffffff</spirit:value>
				</spirit:parameter>
			</spirit:parameters>
		</spirit:busInterface>
	</spirit:busInterfaces>
</spirit:component>
