Pin Name,Pin Index,LOC,DIFF_TERM,DRIVE,IOSTANDARD,SLEW,TIG,PULLUP,PULLDOWN
CLK_50MHZ,,H17,,,LVCMOS33,,,,
RESET,,N14,,,LVCMOS33,,TIG,,PULLDOWN
USB_Uart_sout,,A10,,,LVCMOS33,,,,
USB_Uart_sin,,A11,,,LVCMOS33,,,,
LEDs_4Bits_TRI_O,0,U16,,,LVCMOS33,,,,
LEDs_4Bits_TRI_O,1,V16,,,LVCMOS33,,,,
LEDs_4Bits_TRI_O,2,A16,,,LVCMOS33,,,,
LEDs_4Bits_TRI_O,3,A15,,,LVCMOS33,,,,
SPI_FLASH_SCLK,,R15,,,LVCMOS33,,,,
SPI_FLASH_MOSI,,T13,,,LVCMOS33,,,,
SPI_FLASH_MISO,,R13,,,LVCMOS33,,,,
SPI_FLASH_SS,,V3,,,LVCMOS33,,,,
SPI_FLASH_HOLDn,,V14,,,LVCMOS33,,,,
SPI_FLASH_Wn,,T14,,,LVCMOS33,,,,
SPI_SD_SCLK,,A3,,,LVCMOS33,,,,
SPI_SD_MOSI,,B3,,,LVCMOS33,,,,
SPI_SD_MISO,,B4,,,LVCMOS33,,,,
SPI_SD_SS,,A2,,,LVCMOS33,,,,