<?xml version="1.0" encoding="UTF-8"?>
<spirit:component xmlns:spirit="http://www.spiritconsortium.org/XMLSchema/SPIRIT/1.4" xmlns:xsi="http://www.w3.org/2001/XMLSchema-instance">
	<spirit:vendor>Saanlima</spirit:vendor>
	<spirit:library>bsb_lib.boards</spirit:library>
	<spirit:name>Pipistrello_LX45</spirit:name>
	<spirit:version>2.0</spirit:version>
	<spirit:busInterfaces>
		<spirit:busInterface>
			<spirit:name>clock_0</spirit:name>
			<spirit:busType spirit:vendor="xilinx.com" spirit:library="bsb_lib.rtl_busdefs" spirit:name="clock" spirit:version="1.0"/>
			<spirit:abstractionType spirit:vendor="xilinx.com" spirit:library="bsb_lib.rtl_busdefs" spirit:name="clock_rtl" spirit:version="1.0"/>
			<spirit:master>
			</spirit:master>
			<spirit:portMaps>
				<spirit:portMap>
					<spirit:logicalPort>
						<spirit:name>CLK</spirit:name>
					</spirit:logicalPort>
					<spirit:physicalPort>
						<spirit:name>CLK_50MHZ</spirit:name>
					</spirit:physicalPort>
				</spirit:portMap>
			</spirit:portMaps>
			<spirit:parameters>
				<spirit:parameter>
					<spirit:name>frequency</spirit:name>
					<spirit:value spirit:format="long" spirit:resolve="immediate" spirit:id="refclk_frequency_0">50000000</spirit:value>
				</spirit:parameter>
			</spirit:parameters>
		</spirit:busInterface>
		<spirit:busInterface>
			<spirit:name>reset_0</spirit:name>
			<spirit:busType spirit:vendor="xilinx.com" spirit:library="bsb_lib.rtl_busdefs" spirit:name="reset" spirit:version="1.0"/>
			<spirit:abstractionType spirit:vendor="xilinx.com" spirit:library="bsb_lib.rtl_busdefs" spirit:name="reset_rtl" spirit:version="1.0"/>
			<spirit:master>
			</spirit:master>
			<spirit:portMaps>
				<spirit:portMap>
					<spirit:logicalPort>
						<spirit:name>RESET</spirit:name>
					</spirit:logicalPort>
					<spirit:physicalPort>
						<spirit:name>RESET</spirit:name>
					</spirit:physicalPort>
				</spirit:portMap>
			</spirit:portMaps>
			<spirit:parameters>
				<spirit:parameter>
					<spirit:name>RST_POLARITY</spirit:name>
					<spirit:value spirit:format="string" spirit:resolve="immediate" spirit:id="reset_polarity">1</spirit:value>
				</spirit:parameter>
			</spirit:parameters>
		</spirit:busInterface>
		<spirit:busInterface>
			<spirit:name>USB_Uart</spirit:name>
			<spirit:busType spirit:vendor="xilinx.com" spirit:library="bsb_lib.rtl_busdefs" spirit:name="uart" spirit:version="1.0"/>
			<spirit:abstractionType spirit:vendor="xilinx.com" spirit:library="bsb_lib.rtl_busdefs" spirit:name="uart_rtl" spirit:version="1.0"/>
			<spirit:master>
			</spirit:master>
			<spirit:portMaps>
				<spirit:portMap>
					<spirit:logicalPort>
						<spirit:name>sout</spirit:name>
					</spirit:logicalPort>
					<spirit:physicalPort>
						<spirit:name>USB_Uart_sout</spirit:name>
					</spirit:physicalPort>
				</spirit:portMap>
				<spirit:portMap>
					<spirit:logicalPort>
						<spirit:name>sin</spirit:name>
					</spirit:logicalPort>
					<spirit:physicalPort>
						<spirit:name>USB_Uart_sin</spirit:name>
					</spirit:physicalPort>
				</spirit:portMap>
			</spirit:portMaps>
		</spirit:busInterface>
		<spirit:busInterface>
			<spirit:name>LEDs_4Bits</spirit:name>
			<spirit:busType spirit:vendor="xilinx.com" spirit:library="bsb_lib.rtl_busdefs" spirit:name="gpio" spirit:version="1.0"/>
			<spirit:abstractionType spirit:vendor="xilinx.com" spirit:library="bsb_lib.rtl_busdefs" spirit:name="gpio_rtl" spirit:version="1.0"/>
			<spirit:master>
			</spirit:master>
			<spirit:portMaps>
				<spirit:portMap>
					<spirit:logicalPort>
						<spirit:name>TRI_O</spirit:name>
					</spirit:logicalPort>
					<spirit:physicalPort>
						<spirit:name>LEDs_4Bits_TRI_O</spirit:name>
					</spirit:physicalPort>
				</spirit:portMap>
			</spirit:portMaps>
		</spirit:busInterface>
		<spirit:busInterface>
			<spirit:name>SPI_FLASH</spirit:name>
			<spirit:busType spirit:vendor="xilinx.com" spirit:library="bsb_lib.rtl_busdefs" spirit:name="spi" spirit:version="1.0"/>
			<spirit:abstractionType spirit:vendor="xilinx.com" spirit:library="bsb_lib.rtl_busdefs" spirit:name="spi_rtl" spirit:version="1.0"/>
			<spirit:master>
			</spirit:master>
			<spirit:portMaps>
				<spirit:portMap>
					<spirit:logicalPort>
						<spirit:name>SCLK</spirit:name>
					</spirit:logicalPort>
					<spirit:physicalPort>
						<spirit:name>SPI_FLASH_SCLK</spirit:name>
					</spirit:physicalPort>
				</spirit:portMap>
				<spirit:portMap>
					<spirit:logicalPort>
						<spirit:name>MOSI</spirit:name>
					</spirit:logicalPort>
					<spirit:physicalPort>
						<spirit:name>SPI_FLASH_MOSI</spirit:name>
					</spirit:physicalPort>
				</spirit:portMap>
				<spirit:portMap>
					<spirit:logicalPort>
						<spirit:name>MISO</spirit:name>
					</spirit:logicalPort>
					<spirit:physicalPort>
						<spirit:name>SPI_FLASH_MISO</spirit:name>
					</spirit:physicalPort>
				</spirit:portMap>
				<spirit:portMap>
					<spirit:logicalPort>
						<spirit:name>SS</spirit:name>
					</spirit:logicalPort>
					<spirit:physicalPort>
						<spirit:name>SPI_FLASH_SS</spirit:name>
					</spirit:physicalPort>
				</spirit:portMap>
				<spirit:portMap>
					<spirit:logicalPort>
						<spirit:name>HOLDn</spirit:name>
					</spirit:logicalPort>
					<spirit:physicalPort>
						<spirit:name>SPI_FLASH_HOLDn</spirit:name>
					</spirit:physicalPort>
				</spirit:portMap>
				<spirit:portMap>
					<spirit:logicalPort>
						<spirit:name>Wn</spirit:name>
					</spirit:logicalPort>
					<spirit:physicalPort>
						<spirit:name>SPI_FLASH_Wn</spirit:name>
					</spirit:physicalPort>
				</spirit:portMap>
			</spirit:portMaps>
		</spirit:busInterface>
		<spirit:busInterface>
			<spirit:name>SPI_SD</spirit:name>
			<spirit:busType spirit:vendor="xilinx.com" spirit:library="bsb_lib.rtl_busdefs" spirit:name="spi" spirit:version="1.0"/>
			<spirit:abstractionType spirit:vendor="xilinx.com" spirit:library="bsb_lib.rtl_busdefs" spirit:name="spi_rtl" spirit:version="1.0"/>
			<spirit:master>
			</spirit:master>
			<spirit:portMaps>
				<spirit:portMap>
					<spirit:logicalPort>
						<spirit:name>SCLK</spirit:name>
					</spirit:logicalPort>
					<spirit:physicalPort>
						<spirit:name>SPI_SD_SCLK</spirit:name>
					</spirit:physicalPort>
				</spirit:portMap>
				<spirit:portMap>
					<spirit:logicalPort>
						<spirit:name>MOSI</spirit:name>
					</spirit:logicalPort>
					<spirit:physicalPort>
						<spirit:name>SPI_SD_MOSI</spirit:name>
					</spirit:physicalPort>
				</spirit:portMap>
				<spirit:portMap>
					<spirit:logicalPort>
						<spirit:name>MISO</spirit:name>
					</spirit:logicalPort>
					<spirit:physicalPort>
						<spirit:name>SPI_SD_MISO</spirit:name>
					</spirit:physicalPort>
				</spirit:portMap>
				<spirit:portMap>
					<spirit:logicalPort>
						<spirit:name>SS</spirit:name>
					</spirit:logicalPort>
					<spirit:physicalPort>
						<spirit:name>SPI_SD_SS</spirit:name>
					</spirit:physicalPort>
				</spirit:portMap>
			</spirit:portMaps>
		</spirit:busInterface>
		<spirit:busInterface>
			<spirit:name>MCB3_LPDDR</spirit:name>
			<spirit:busType spirit:vendor="xilinx.com" spirit:library="bsb_lib.rtl_busdefs" spirit:name="ddr2_sdram" spirit:version="1.0"/>
			<spirit:abstractionType spirit:vendor="xilinx.com" spirit:library="bsb_lib.rtl_busdefs" spirit:name="ddr2_sdram_rtl" spirit:version="1.0"/>
			<spirit:master>
			</spirit:master>
			<spirit:portMaps>
				<spirit:portMap>
					<spirit:logicalPort>
						<spirit:name>clk</spirit:name>
					</spirit:logicalPort>
					<spirit:physicalPort>
						<spirit:name>mcbx_dram_clk</spirit:name>
					</spirit:physicalPort>
				</spirit:portMap>
				<spirit:portMap>
					<spirit:logicalPort>
						<spirit:name>clk_n</spirit:name>
					</spirit:logicalPort>
					<spirit:physicalPort>
						<spirit:name>mcbx_dram_clk_n</spirit:name>
					</spirit:physicalPort>
				</spirit:portMap>
				<spirit:portMap>
					<spirit:logicalPort>
						<spirit:name>cke</spirit:name>
					</spirit:logicalPort>
					<spirit:physicalPort>
						<spirit:name>mcbx_dram_cke</spirit:name>
					</spirit:physicalPort>
				</spirit:portMap>
				<spirit:portMap>
					<spirit:logicalPort>
						<spirit:name>ras_n</spirit:name>
					</spirit:logicalPort>
					<spirit:physicalPort>
						<spirit:name>mcbx_dram_ras_n</spirit:name>
					</spirit:physicalPort>
				</spirit:portMap>
				<spirit:portMap>
					<spirit:logicalPort>
						<spirit:name>cas_n</spirit:name>
					</spirit:logicalPort>
					<spirit:physicalPort>
						<spirit:name>mcbx_dram_cas_n</spirit:name>
					</spirit:physicalPort>
				</spirit:portMap>
				<spirit:portMap>
					<spirit:logicalPort>
						<spirit:name>we_n</spirit:name>
					</spirit:logicalPort>
					<spirit:physicalPort>
						<spirit:name>mcbx_dram_we_n</spirit:name>
					</spirit:physicalPort>
				</spirit:portMap>
				<spirit:portMap>
					<spirit:logicalPort>
						<spirit:name>udm</spirit:name>
					</spirit:logicalPort>
					<spirit:physicalPort>
						<spirit:name>mcbx_dram_udm</spirit:name>
					</spirit:physicalPort>
				</spirit:portMap>
				<spirit:portMap>
					<spirit:logicalPort>
						<spirit:name>ldm</spirit:name>
					</spirit:logicalPort>
					<spirit:physicalPort>
						<spirit:name>mcbx_dram_ldm</spirit:name>
					</spirit:physicalPort>
				</spirit:portMap>
				<spirit:portMap>
					<spirit:logicalPort>
						<spirit:name>ba</spirit:name>
					</spirit:logicalPort>
					<spirit:physicalPort>
						<spirit:name>mcbx_dram_ba</spirit:name>
					</spirit:physicalPort>
				</spirit:portMap>
				<spirit:portMap>
					<spirit:logicalPort>
						<spirit:name>addr</spirit:name>
					</spirit:logicalPort>
					<spirit:physicalPort>
						<spirit:name>mcbx_dram_addr</spirit:name>
					</spirit:physicalPort>
				</spirit:portMap>
				<spirit:portMap>
					<spirit:logicalPort>
						<spirit:name>dq</spirit:name>
					</spirit:logicalPort>
					<spirit:physicalPort>
						<spirit:name>mcbx_dram_dq</spirit:name>
					</spirit:physicalPort>
				</spirit:portMap>
				<spirit:portMap>
					<spirit:logicalPort>
						<spirit:name>dqs</spirit:name>
					</spirit:logicalPort>
					<spirit:physicalPort>
						<spirit:name>mcbx_dram_dqs</spirit:name>
					</spirit:physicalPort>
				</spirit:portMap>
				<spirit:portMap>
					<spirit:logicalPort>
						<spirit:name>udqs</spirit:name>
					</spirit:logicalPort>
					<spirit:physicalPort>
						<spirit:name>mcbx_dram_udqs</spirit:name>
					</spirit:physicalPort>
				</spirit:portMap>
				<spirit:portMap>
					<spirit:logicalPort>
						<spirit:name>rzq</spirit:name>
					</spirit:logicalPort>
					<spirit:physicalPort>
						<spirit:name>rzq</spirit:name>
					</spirit:physicalPort>
				</spirit:portMap>
			</spirit:portMaps>
		</spirit:busInterface>
	</spirit:busInterfaces>
	<spirit:model>
		<spirit:ports>
			<spirit:port>
				<spirit:name>CLK_50MHZ</spirit:name>
				<spirit:wire>
					<spirit:direction>in</spirit:direction>
				</spirit:wire>
			</spirit:port>
			<spirit:port>
				<spirit:name>RESET</spirit:name>
				<spirit:wire>
					<spirit:direction>in</spirit:direction>
				</spirit:wire>
			</spirit:port>
			<spirit:port>
				<spirit:name>USB_Uart_sout</spirit:name>
				<spirit:wire>
					<spirit:direction>out</spirit:direction>
				</spirit:wire>
			</spirit:port>
			<spirit:port>
				<spirit:name>USB_Uart_sin</spirit:name>
				<spirit:wire>
					<spirit:direction>in</spirit:direction>
				</spirit:wire>
			</spirit:port>
			<spirit:port>
				<spirit:name>LEDs_4Bits_TRI_O</spirit:name>
				<spirit:wire>
					<spirit:direction>out</spirit:direction>
					<spirit:vector>
						<spirit:left>3</spirit:left>
						<spirit:right>0</spirit:right>
					</spirit:vector>
				</spirit:wire>
			</spirit:port>
			<spirit:port>
				<spirit:name>SPI_FLASH_SCLK</spirit:name>
				<spirit:wire>
					<spirit:direction>out</spirit:direction>
				</spirit:wire>
			</spirit:port>
			<spirit:port>
				<spirit:name>SPI_FLASH_MOSI</spirit:name>
				<spirit:wire>
					<spirit:direction>out</spirit:direction>
				</spirit:wire>
			</spirit:port>
			<spirit:port>
				<spirit:name>SPI_FLASH_MISO</spirit:name>
				<spirit:wire>
					<spirit:direction>in</spirit:direction>
				</spirit:wire>
			</spirit:port>
			<spirit:port>
				<spirit:name>SPI_FLASH_SS</spirit:name>
				<spirit:wire>
					<spirit:direction>out</spirit:direction>
				</spirit:wire>
			</spirit:port>
			<spirit:port>
				<spirit:name>SPI_FLASH_HOLDn</spirit:name>
				<spirit:wire>
					<spirit:direction>out</spirit:direction>
				</spirit:wire>
			</spirit:port>
			<spirit:port>
				<spirit:name>SPI_FLASH_Wn</spirit:name>
				<spirit:wire>
					<spirit:direction>out</spirit:direction>
				</spirit:wire>
			</spirit:port>
			<spirit:port>
				<spirit:name>SPI_SD_SCLK</spirit:name>
				<spirit:wire>
					<spirit:direction>out</spirit:direction>
				</spirit:wire>
			</spirit:port>
			<spirit:port>
				<spirit:name>SPI_SD_MOSI</spirit:name>
				<spirit:wire>
					<spirit:direction>out</spirit:direction>
				</spirit:wire>
			</spirit:port>
			<spirit:port>
				<spirit:name>SPI_SD_MISO</spirit:name>
				<spirit:wire>
					<spirit:direction>in</spirit:direction>
				</spirit:wire>
			</spirit:port>
			<spirit:port>
				<spirit:name>SPI_SD_SS</spirit:name>
				<spirit:wire>
					<spirit:direction>out</spirit:direction>
				</spirit:wire>
			</spirit:port>
			<spirit:port>
				<spirit:name>mcbx_dram_clk</spirit:name>
				<spirit:wire>
					<spirit:direction>in</spirit:direction>
				</spirit:wire>
			</spirit:port>
			<spirit:port>
				<spirit:name>mcbx_dram_clk_n</spirit:name>
				<spirit:wire>
					<spirit:direction>in</spirit:direction>
				</spirit:wire>
			</spirit:port>
			<spirit:port>
				<spirit:name>mcbx_dram_cke</spirit:name>
				<spirit:wire>
					<spirit:direction>in</spirit:direction>
				</spirit:wire>
			</spirit:port>
			<spirit:port>
				<spirit:name>mcbx_dram_ras_n</spirit:name>
				<spirit:wire>
					<spirit:direction>in</spirit:direction>
				</spirit:wire>
			</spirit:port>
			<spirit:port>
				<spirit:name>mcbx_dram_cas_n</spirit:name>
				<spirit:wire>
					<spirit:direction>in</spirit:direction>
				</spirit:wire>
			</spirit:port>
			<spirit:port>
				<spirit:name>mcbx_dram_we_n</spirit:name>
				<spirit:wire>
					<spirit:direction>in</spirit:direction>
				</spirit:wire>
			</spirit:port>
			<spirit:port>
				<spirit:name>mcbx_dram_udm</spirit:name>
				<spirit:wire>
					<spirit:direction>in</spirit:direction>
				</spirit:wire>
			</spirit:port>
			<spirit:port>
				<spirit:name>mcbx_dram_ldm</spirit:name>
				<spirit:wire>
					<spirit:direction>in</spirit:direction>
				</spirit:wire>
			</spirit:port>
			<spirit:port>
				<spirit:name>mcbx_dram_ba</spirit:name>
				<spirit:wire>
					<spirit:direction>in</spirit:direction>
					<spirit:vector>
						<spirit:left>1</spirit:left>
						<spirit:right>0</spirit:right>
					</spirit:vector>
				</spirit:wire>
			</spirit:port>
			<spirit:port>
				<spirit:name>mcbx_dram_addr</spirit:name>
				<spirit:wire>
					<spirit:direction>in</spirit:direction>
					<spirit:vector>
						<spirit:left>12</spirit:left>
						<spirit:right>0</spirit:right>
					</spirit:vector>
				</spirit:wire>
			</spirit:port>
			<spirit:port>
				<spirit:name>mcbx_dram_dq</spirit:name>
				<spirit:wire>
					<spirit:direction>inout</spirit:direction>
					<spirit:vector>
						<spirit:left>15</spirit:left>
						<spirit:right>0</spirit:right>
					</spirit:vector>
				</spirit:wire>
			</spirit:port>
			<spirit:port>
				<spirit:name>mcbx_dram_dqs</spirit:name>
				<spirit:wire>
					<spirit:direction>inout</spirit:direction>
				</spirit:wire>
			</spirit:port>
			<spirit:port>
				<spirit:name>mcbx_dram_udqs</spirit:name>
				<spirit:wire>
					<spirit:direction>inout</spirit:direction>
				</spirit:wire>
			</spirit:port>
			<spirit:port>
				<spirit:name>rzq</spirit:name>
				<spirit:wire>
					<spirit:direction>inout</spirit:direction>
				</spirit:wire>
			</spirit:port>
		</spirit:ports>
	</spirit:model>
	<spirit:description>&apos;Xilinx Spartan-6 XC6SLX45-2CSG324, USB JTAG circuitry, Micron 512Mb LPDDR, Micron 128Mb multi-I/O SPI Flash, 4 leds, HDMI-interface.&apos;</spirit:description>
	<spirit:parameters>
		<spirit:parameter>
			<spirit:name>ARCH_SUPPORT_MAP</spirit:name>
			<spirit:value></spirit:value>
		</spirit:parameter>
		<spirit:parameter>
			<spirit:name>HDL</spirit:name>
			<spirit:value>MIXED</spirit:value>
		</spirit:parameter>
		<spirit:parameter>
			<spirit:name>IMP_NETLIST</spirit:name>
			<spirit:value>FALSE</spirit:value>
		</spirit:parameter>
		<spirit:parameter>
			<spirit:name>IP_GROUP</spirit:name>
			<spirit:value>USER</spirit:value>
		</spirit:parameter>
		<spirit:parameter>
			<spirit:name>IPTYPE</spirit:name>
			<spirit:value>PERIPHERAL</spirit:value>
		</spirit:parameter>
		<spirit:parameter>
			<spirit:name>RUN_NGCBUILD</spirit:name>
			<spirit:value>FALSE</spirit:value>
		</spirit:parameter>
		<spirit:parameter>
			<spirit:name>STYLE</spirit:name>
			<spirit:value>HDL</spirit:value>
		</spirit:parameter>
		<spirit:parameter>
			<spirit:name>TCL_FILE</spirit:name>
			<spirit:value>pipistrello_lx45_v2_1_0.tcl</spirit:value>
		</spirit:parameter>
		<spirit:parameter>
			<spirit:name>TOP</spirit:name>
			<spirit:value>pipistrello_lx45</spirit:value>
		</spirit:parameter>
		<spirit:parameter>
			<spirit:name>VLNV</spirit:name>
			<spirit:value>Saanlima|bsb_lib.boards|Pipistrello_LX45|2.0</spirit:value>
		</spirit:parameter>
		<spirit:parameter>
			<spirit:name>FAMILY</spirit:name>
			<spirit:value>spartan6</spirit:value>
		</spirit:parameter>
		<spirit:parameter>
			<spirit:name>DEVICE</spirit:name>
			<spirit:value>xc6slx45</spirit:value>
		</spirit:parameter>
		<spirit:parameter>
			<spirit:name>PACKAGE</spirit:name>
			<spirit:value>csg324</spirit:value>
		</spirit:parameter>
		<spirit:parameter>
			<spirit:name>SPEED_GRADE</spirit:name>
			<spirit:value>-3</spirit:value>
		</spirit:parameter>
		<spirit:parameter>
			<spirit:name>JTAG_POSITION</spirit:name>
			<spirit:value>1</spirit:value>
		</spirit:parameter>
		<spirit:parameter>
			<spirit:name>SPEC_URL</spirit:name>
			<spirit:value>www.saanlima.com/pipistrello</spirit:value>
		</spirit:parameter>
		<spirit:parameter>
			<spirit:name>VendorName</spirit:name>
			<spirit:value>Saanlima Electronics</spirit:value>
		</spirit:parameter>
		<spirit:parameter>
			<spirit:name>DisplayName</spirit:name>
			<spirit:value>Pipistrello LX45</spirit:value>
		</spirit:parameter>
		<spirit:parameter>
			<spirit:name>LONG_DESC</spirit:name>
			<spirit:value>&apos;Xilinx Spartan-6 XC6SLX45-2CSG324, USB JTAG circuitry, Micron 512Mb LPDDR, Micron 128Mb multi-I/O SPI Flash, 4 leds, HDMI-interface.&apos;</spirit:value>
		</spirit:parameter>
	</spirit:parameters>
</spirit:component>
